gene,direction,valence
spp1,DOWN,-2.690736855
nt5dc2,DOWN,-2.4790521
44085,DOWN,-2.456187036
eif5a,DOWN,-2.370103711
ehd1,DOWN,-2.354348805
carhsp1,DOWN,-2.331911372
cd44,DOWN,-2.306683099
emp1,DOWN,-2.268737104
psat1,DOWN,-2.248942646
gnb1,DOWN,-2.24036797
slc11a2,DOWN,-2.210889592
bzw2,DOWN,-2.20824913
anapc5,DOWN,-2.204875101
cfl1,DOWN,-2.194869989
ldha,DOWN,-2.18577815
stx6,DOWN,-2.173013996
rnf4,DOWN,-2.146113848
hmgn1,DOWN,-2.136017606
ywhae,DOWN,-2.135422847
vim,DOWN,-2.131740384
pdap1,DOWN,-2.071650438
mllt11,DOWN,-2.070772676
map1lc3b,DOWN,-2.065345842
cplx2,DOWN,-2.0608917
nap1l4,DOWN,-2.054717498
ilf2,DOWN,-2.046532396
ppp2ca,DOWN,-2.033577428
kctd5,DOWN,-1.996923632
g3bp1,DOWN,-1.984999255
gdi1,DOWN,-1.937363483
nono,DOWN,-1.925535404
tsc22d1,DOWN,-1.917737021
cct2,DOWN,-1.913001964
slc39a1,DOWN,-1.91242084
hn1,DOWN,-1.904507039
nip7,DOWN,-1.889443457
eef1a1,DOWN,-1.886304696
odc1,DOWN,-1.884768299
csnk1a1,DOWN,-1.870866622
btf3,DOWN,-1.866091639
pop4,DOWN,-1.843770885
tubb2b,DOWN,-1.836043587
sf3b3,DOWN,-1.833024643
tyms,DOWN,-1.828569178
rufy3,DOWN,-1.823920241
slc7a1,DOWN,-1.82311963
nkiras2,DOWN,-1.822559591
prc1,DOWN,-1.818234187
stmn1,DOWN,-1.809814799
atxn10,DOWN,-1.789200355
apex1,DOWN,-1.789112223
anxa2,DOWN,-1.782764648
coro1c,DOWN,-1.782084189
dap3,DOWN,-1.774301418
ctnnbip1,DOWN,-1.762891525
rps24,DOWN,-1.744949725
hdac2,DOWN,-1.735163078
eif4h,DOWN,-1.71577054
cs,DOWN,-1.711132029
cdk4,DOWN,-1.705735623
pa2g4,DOWN,-1.702346844
gpm6b,DOWN,-1.702255137
lmo4,DOWN,-1.693113299
arf1,DOWN,-1.675969932
ldlr,DOWN,-1.675149799
wdr1,DOWN,-1.671529653
tspan5,DOWN,-1.667587543
ddb1,DOWN,-1.66180105
cct8,DOWN,-1.656726775
nasp,DOWN,-1.656199164
cct7,DOWN,-1.653339088
flot1,DOWN,-1.652493371
hmgcr,DOWN,-1.648641385
diablo,DOWN,-1.64090987
psmb4,DOWN,-1.640493006
sepw1,DOWN,-1.615625826
thra,DOWN,-1.606987983
hdgf,DOWN,-1.599039393
cct5,DOWN,-1.591164497
sar1a,DOWN,-1.59103234
ppp2r1a,DOWN,-1.568247096
psmd2,DOWN,-1.567628318
gsto1,DOWN,-1.566411046
raly,DOWN,-1.563972947
rnps1,DOWN,-1.561979925
psmd7,DOWN,-1.556722502
ctsb,DOWN,-1.555483556
igfbp4,DOWN,-1.549210058
psmb7,DOWN,-1.545932752
cdkn1b,DOWN,-1.545831024
ensa,DOWN,-1.526169962
emd,DOWN,-1.525282715
ssr2,DOWN,-1.522288345
ttyh1,DOWN,-1.520507279
ptbp2,DOWN,-1.519433885
pmpca,DOWN,-1.505095532
arf4,DOWN,-1.504621952
lgals3,DOWN,-1.504359004
phb2,DOWN,-1.502739753
eef2,DOWN,-1.499832852
strap,DOWN,-1.488593446
spin1,DOWN,-1.487235276
dhdds,DOWN,-1.484406022
col4a1,DOWN,-1.474020795
nap1l1,DOWN,-1.473518295
lpl,DOWN,-1.470349916
ctnnb1,DOWN,-1.463829012
cuedc2,DOWN,-1.462965607
ran,DOWN,-1.460544127
rpl22,DOWN,-1.460229887
cnbp,DOWN,-1.459661987
gstz1,DOWN,-1.459404956
capns1,DOWN,-1.45924337
tnpo2,DOWN,-1.459158203
msra,DOWN,-1.454652429
hax1,DOWN,-1.453393126
armcx2,DOWN,-1.452178002
ngfrap1,DOWN,-1.450354457
fasn,DOWN,-1.449945406
srm,DOWN,-1.438925006
bap1,DOWN,-1.43853789
cry2,DOWN,-1.437673297
klhdc3,DOWN,-1.434958343
idh1,DOWN,-1.434163223
lancl1,DOWN,-1.434008095
col4a2,DOWN,-1.433947673
txnrd1,DOWN,-1.429101535
prdx2,DOWN,-1.427523659
pcbp2,DOWN,-1.424841291
nup93,DOWN,-1.424408729
aacs,DOWN,-1.419505126
nup62,DOWN,-1.418952126
plk2,DOWN,-1.417245347
tarbp2,DOWN,-1.409023012
ssrp1,DOWN,-1.406628938
nras,DOWN,-1.4042421
anxa6,DOWN,-1.395305101
gabarapl1,DOWN,-1.389620088
atp5c1,DOWN,-1.38039877
fbxw11,DOWN,-1.380362954
atp6v0d1,DOWN,-1.378023848
tollip,DOWN,-1.37772516
stx1a,DOWN,-1.375183936
fbxo21,DOWN,-1.370028494
cirbp,DOWN,-1.369281559
vat1,DOWN,-1.367098745
sin3b,DOWN,-1.366998781
tardbp,DOWN,-1.36486815
rrm1,DOWN,-1.360235208
ube2m,DOWN,-1.356749093
casp3,DOWN,-1.356436378
sdc4,DOWN,-1.355795832
tomm22,DOWN,-1.355762396
ube2g1,DOWN,-1.353819407
zwint,DOWN,-1.352567623
med8,DOWN,-1.350613285
tnfaip1,DOWN,-1.348100233
flot2,DOWN,-1.346631538
ppp2r5b,DOWN,-1.345492874
blcap,DOWN,-1.345471306
actr3,DOWN,-1.343839651
ndufs2,DOWN,-1.342262217
ing4,DOWN,-1.337625129
kif3a,DOWN,-1.336354048
ap2s1,DOWN,-1.336303732
hdac3,DOWN,-1.335907692
kif3c,DOWN,-1.334535628
elk1,DOWN,-1.33153861
trim2,DOWN,-1.330619687
pcna,DOWN,-1.32821106
rad23b,DOWN,-1.32813046
snrpa1,DOWN,-1.324237094
wdr4,DOWN,-1.323000073
arfip2,DOWN,-1.322793458
parp6,DOWN,-1.322695391
mcm4,DOWN,-1.321744198
eif2b4,DOWN,-1.320514685
rbbp7,DOWN,-1.317108477
dctn2,DOWN,-1.316032199
gla,DOWN,-1.315655031
atad3a,DOWN,-1.312764001
ndufb8,DOWN,-1.310430229
hsbp1,DOWN,-1.306897853
poldip2,DOWN,-1.305741325
h1f0,DOWN,-1.301514882
slc7a6,DOWN,-1.295592769
cdk5r1,DOWN,-1.294290276
polr2h,DOWN,-1.292651996
camk2b,DOWN,-1.29120098
ddx56,DOWN,-1.289867778
pbx1,DOWN,-1.288786467
aldh18a1,DOWN,-1.284204064
cdc37,DOWN,-1.284024692
men1,DOWN,-1.282927318
maged1,DOWN,-1.281439903
psmb1,DOWN,-1.28036464
h2afz,DOWN,-1.280067831
actr1a,DOWN,-1.279626171
nipsnap1,DOWN,-1.27804475
gja1,DOWN,-1.276207081
csnk2b,DOWN,-1.276066812
s100a10,DOWN,-1.274469666
cstb,DOWN,-1.274003248
rbm4b,DOWN,-1.273946921
cops5,DOWN,-1.270925294
elovl5,DOWN,-1.270793577
tmem132a,DOWN,-1.270274966
smu1,DOWN,-1.269997662
ilk,DOWN,-1.26693897
maged2,DOWN,-1.265793851
zdhhc3,DOWN,-1.264862691
copz1,DOWN,-1.264462188
faf1,DOWN,-1.262243891
gltscr2,DOWN,-1.260543986
prkar1a,DOWN,-1.255415189
atg12,DOWN,-1.254862556
cdc23,DOWN,-1.251696479
gadd45b,DOWN,-1.250997814
elavl4,DOWN,-1.250080845
smarcd1,DOWN,-1.249993256
psmd13,DOWN,-1.24654253
cdc16,DOWN,-1.243381493
tagln2,DOWN,-1.241333133
ralgds,DOWN,-1.240395496
socs2,DOWN,-1.24034962
arpc5,DOWN,-1.239589765
snrpd3,DOWN,-1.238340679
stk25,DOWN,-1.237449435
banf1,DOWN,-1.237160198
atp5b,DOWN,-1.233378749
rangap1,DOWN,-1.233133549
gabarap,DOWN,-1.231707628
igfbp3,DOWN,-1.229010601
raf1,DOWN,-1.225599962
prpf19,DOWN,-1.225197006
psmd3,DOWN,-1.22298074
sec61a1,DOWN,-1.222119281
itpa,DOWN,-1.220328729
sephs1,DOWN,-1.220163466
cdh5,DOWN,-1.21763616
cd2bp2,DOWN,-1.217164718
ednrb,DOWN,-1.216673797
pebp1,DOWN,-1.215147193
zbtb17,DOWN,-1.21497691
psmb2,DOWN,-1.214411467
sv2a,DOWN,-1.210239992
usp11,DOWN,-1.210022434
ptov1,DOWN,-1.209841144
acat1,DOWN,-1.209153038
rpl41,DOWN,-1.207724441
actr1b,DOWN,-1.203625407
fbln2,DOWN,-1.20118626
fdft1,DOWN,-1.198560492
entpd6,DOWN,-1.196609114
stx12,DOWN,-1.193743161
prmt2,DOWN,-1.192220099
polb,DOWN,-1.187686017
srgap3,DOWN,-1.185999841
glrx,DOWN,-1.185696862
dctn4,DOWN,-1.184532298
dgcr2,DOWN,-1.184288325
rqcd1,DOWN,-1.182789126
tia1,DOWN,-1.182493804
fyn,DOWN,-1.181336203
hint1,DOWN,-1.178241416
slc3a2,DOWN,-1.1759072
ppie,DOWN,-1.175646675
tpi1,DOWN,-1.17557509
ddost,DOWN,-1.174601229
rala,DOWN,-1.17045726
trim37,DOWN,-1.170406573
tmem134,DOWN,-1.170155267
eef1d,DOWN,-1.168848849
pspc1,DOWN,-1.165410545
ercc2,DOWN,-1.165063311
cops8,DOWN,-1.16446473
mmd,DOWN,-1.164443472
psme3,DOWN,-1.161257101
anp32b,DOWN,-1.160170639
tmem2,DOWN,-1.159960622
dpf2,DOWN,-1.157239774
wbp5,DOWN,-1.155770323
atp5a1,DOWN,-1.15485483
lamc1,DOWN,-1.153542529
prdx6,DOWN,-1.151691705
aldh9a1,DOWN,-1.150896204
ilf3,DOWN,-1.150098227
grpel1,DOWN,-1.149167882
ciapin1,DOWN,-1.148475775
nfix,DOWN,-1.145027119
rnd3,DOWN,-1.144150678
map3k12,DOWN,-1.14347373
lrpap1,DOWN,-1.143466228
sap30bp,DOWN,-1.143028491
slc1a4,DOWN,-1.142928356
arpc1a,DOWN,-1.142220192
klhdc2,DOWN,-1.138848011
timm17b,DOWN,-1.137993205
lphn1,DOWN,-1.136796317
ankrd46,DOWN,-1.135684866
rtn1,DOWN,-1.134013197
plxna1,DOWN,-1.133876424
mcm6,DOWN,-1.132340872
prdx4,DOWN,-1.129650233
katnb1,DOWN,-1.128645643
sqle,DOWN,-1.128422479
mdh2,DOWN,-1.128048522
ddx1,DOWN,-1.127127506
tnk2,DOWN,-1.126660428
prmt5,DOWN,-1.12663162
cope,DOWN,-1.126221861
ptn,DOWN,-1.124837791
psmd8,DOWN,-1.124167864
sae1,DOWN,-1.124062803
sec61a2,DOWN,-1.123691586
yeats4,DOWN,-1.123631635
oaz1,DOWN,-1.121480883
psmd4,DOWN,-1.120299979
neo1,DOWN,-1.116412808
cspg4,DOWN,-1.115731917
smarce1,DOWN,-1.115422148
ube2g2,DOWN,-1.113574563
pfdn5,DOWN,-1.111909351
stom,DOWN,-1.108536146
clta,DOWN,-1.107271802
tacc2,DOWN,-1.105528165
wsb2,DOWN,-1.105516523
ppp2r5d,DOWN,-1.104969866
sgta,DOWN,-1.104610729
polr2d,DOWN,-1.101953673
ryk,DOWN,-1.101649064
snd1,DOWN,-1.100662475
tsen34,DOWN,-1.100053181
marcksl1,DOWN,-1.099408196
cyb5r3,DOWN,-1.094994856
mkrn2,DOWN,-1.092668992
lrrc41,DOWN,-1.092599338
ssbp3,DOWN,-1.092346328
gtf2f2,DOWN,-1.091363303
cdc42ep4,DOWN,-1.089719013
pygb,DOWN,-1.089516269
id3,DOWN,-1.087997816
cct4,DOWN,-1.086365453
lin7c,DOWN,-1.085140685
ash2l,DOWN,-1.08409167
dlg4,DOWN,-1.08343992
luc7l,DOWN,-1.083097106
mtss1,DOWN,-1.082206371
adsl,DOWN,-1.080961581
stoml2,DOWN,-1.079819919
trmt1,DOWN,-1.079809375
snapc2,DOWN,-1.078540201
syt11,DOWN,-1.077586073
dpp3,DOWN,-1.074755277
fus,DOWN,-1.074552461
lrrc49,DOWN,-1.07388969
tmem80,DOWN,-1.072291317
rasip1,DOWN,-1.069436206
pqlc1,DOWN,-1.068927341
epha4,DOWN,-1.066592536
lmna,DOWN,-1.066377767
taldo1,DOWN,-1.06485544
ppp2r2d,DOWN,-1.064822834
cdk5,DOWN,-1.063175077
trappc3,DOWN,-1.062932884
plxna3,DOWN,-1.062440102
satb1,DOWN,-1.062361944
rpa2,DOWN,-1.061920294
mrps30,DOWN,-1.060208993
psma2,DOWN,-1.059239013
prkag2,DOWN,-1.059040055
cdv3,DOWN,-1.058786303
psmb3,DOWN,-1.058360194
mxi1,DOWN,-1.057854422
h2afy,DOWN,-1.057533666
gtf2f1,DOWN,-1.057283921
txn2,DOWN,-1.05692932
pgd,DOWN,-1.055938966
tkt,DOWN,-1.0551568
ubl5,DOWN,-1.053779712
usp3,DOWN,-1.050350581
smarcd3,DOWN,-1.050066185
porcn,DOWN,-1.043271892
asrgl1,DOWN,-1.042898826
npdc1,DOWN,-1.04170542
snrpb,DOWN,-1.041381079
tfdp1,DOWN,-1.040387041
ppme1,DOWN,-1.040364779
ppm1g,DOWN,-1.037392189
mcm3,DOWN,-1.035599391
lztr1,DOWN,-1.033142604
ddah2,DOWN,-1.0331241
pex19,DOWN,-1.03045468
pqbp1,DOWN,-1.030445469
yars,DOWN,-1.027571691
atpif1,DOWN,-1.027479962
cox6b1,DOWN,-1.022688723
agpat5,DOWN,-1.021919882
vdac1,DOWN,-1.021911236
chmp2a,DOWN,-1.020787892
cops7b,DOWN,-1.020416773
fkbp3,DOWN,-1.018905965
phc1,DOWN,-1.017457959
thop1,DOWN,-1.017185141
sqstm1,DOWN,-1.016294171
clic4,DOWN,-1.016215215
rnf14,DOWN,-1.016102174
nfib,DOWN,-1.014611136
trap1,DOWN,-1.011282833
idh2,DOWN,-1.01032006
arl3,DOWN,-1.010222105
cnn3,DOWN,-1.00982044
blmh,DOWN,-1.009461129
bysl,DOWN,-1.008501907
hdac6,DOWN,-1.008127123
ttc19,DOWN,-1.007983678
sart3,DOWN,-1.00742699
rhoc,DOWN,-1.003763789
nedd8,DOWN,-1.003746919
dnaja2,DOWN,-1.002686417
slc26a6,DOWN,-1.002368085
taf10,DOWN,-1.001928403
sars,DOWN,-1.001804914
bcl2l13,DOWN,-1.001452767
rrn3,DOWN,-1.001437485
stard7,DOWN,-1.001209817
htra1,DOWN,-1.00088538
pgm1,DOWN,-0.99936653
dcakd,DOWN,-0.998333066
mea1,DOWN,-0.998151759
lsm1,DOWN,-0.998151425
lrp8,DOWN,-0.998065857
rufy2,DOWN,-0.998041032
egln2,DOWN,-0.997554282
akap12,DOWN,-0.995932588
mfge8,DOWN,-0.99390388
cenpb,DOWN,-0.992411251
maff,DOWN,-0.992100947
hmgb2,DOWN,-0.990317975
hat1,DOWN,-0.990160295
colec12,DOWN,-0.989735003
phgdh,DOWN,-0.986290412
aebp1,DOWN,-0.982772469
gpr162,DOWN,-0.982138518
ptms,DOWN,-0.980191775
wdr13,DOWN,-0.977446266
prkcsh,DOWN,-0.977411141
med4,DOWN,-0.97663717
yaf2,DOWN,-0.974966428
pmvk,DOWN,-0.974849058
psmc5,DOWN,-0.974789765
wipi2,DOWN,-0.972823171
rpgr,DOWN,-0.971634145
pex5,DOWN,-0.97156567
atf5,DOWN,-0.971203783
hsf2,DOWN,-0.97101546
sub1,DOWN,-0.97065593
dynlrb1,DOWN,-0.969772007
bub3,DOWN,-0.968324369
nes,DOWN,-0.968182829
c1qtnf1,DOWN,-0.967197542
itsn1,DOWN,-0.966891797
srp14,DOWN,-0.966323938
ascc1,DOWN,-0.966230613
eif2b5,DOWN,-0.965417765
fgf13,DOWN,-0.963444305
prpf31,DOWN,-0.960645357
nudc,DOWN,-0.960626904
aspscr1,DOWN,-0.959893116
tpst1,DOWN,-0.95948725
rae1,DOWN,-0.959361543
cops6,DOWN,-0.958183805
pin1,DOWN,-0.958007652
mettl9,DOWN,-0.957805351
shfm1,DOWN,-0.95708701
nup50,DOWN,-0.954947352
cd200,DOWN,-0.954820441
ing1,DOWN,-0.954688053
mapk6,DOWN,-0.954499666
mtch2,DOWN,-0.952823053
xpnpep1,DOWN,-0.950626605
mapk1,DOWN,-0.949940005
stub1,DOWN,-0.949108922
pes1,DOWN,-0.947717173
sh3gl1,DOWN,-0.947704945
papss1,DOWN,-0.947695539
nedd4l,DOWN,-0.947482756
id1,DOWN,-0.94705856
rnf41,DOWN,-0.946366055
mrpl28,DOWN,-0.944746739
pus1,DOWN,-0.944730629
nudcd3,DOWN,-0.942918762
lcmt1,DOWN,-0.941980349
dnajc9,DOWN,-0.940193177
calu,DOWN,-0.939204816
drg2,DOWN,-0.939196321
atp5f1,DOWN,-0.937644641
hs2st1,DOWN,-0.937537525
prps1,DOWN,-0.934965171
ilkap,DOWN,-0.932633886
ap2m1,DOWN,-0.932499779
trim28,DOWN,-0.932042769
rbm14,DOWN,-0.931580706
zmiz2,DOWN,-0.930955175
tssc4,DOWN,-0.930184521
ap1s1,DOWN,-0.927381635
nans,DOWN,-0.927267014
dhcr24,DOWN,-0.927251585
tm9sf4,DOWN,-0.926423708
rpl14,DOWN,-0.924876592
psd,DOWN,-0.924519147
ei24,DOWN,-0.923869545
gnb2,DOWN,-0.92335912
c1qbp,DOWN,-0.922311595
gpc4,DOWN,-0.922161982
sumo3,DOWN,-0.921351994
actl6a,DOWN,-0.92066395
llgl1,DOWN,-0.918085309
mta2,DOWN,-0.916634936
golga7,DOWN,-0.913620379
ext2,DOWN,-0.913334441
arl2bp,DOWN,-0.91182411
grb10,DOWN,-0.909521411
ctnnbl1,DOWN,-0.90946458
eif4e2,DOWN,-0.908956603
dnajc8,DOWN,-0.908667935
eif1b,DOWN,-0.906702366
ssbp2,DOWN,-0.906461005
ppp3cb,DOWN,-0.906357972
eif2s1,DOWN,-0.90536792
arnt2,DOWN,-0.905007635
eif2b2,DOWN,-0.904085726
suv39h1,DOWN,-0.90377623
mapre1,DOWN,-0.90367107
tsta3,DOWN,-0.903588094
plxnd1,DOWN,-0.900286494
fen1,DOWN,-0.9001134
vamp2,DOWN,-0.89953686
rab1b,DOWN,-0.899061685
wipi1,DOWN,-0.899053575
fto,DOWN,-0.897658498
wrnip1,DOWN,-0.897182169
ube2d3,DOWN,-0.89659931
exosc9,DOWN,-0.895052087
mtch1,DOWN,-0.894657097
fzd3,DOWN,-0.893244411
fkbp4,DOWN,-0.892869529
csrp2,DOWN,-0.89226805
dnajb6,DOWN,-0.892241832
txnl1,DOWN,-0.890126501
slc25a3,DOWN,-0.889152065
tubgcp2,DOWN,-0.888180862
hmg20b,DOWN,-0.887222912
kifap3,DOWN,-0.886525717
rps14,DOWN,-0.885985441
ncdn,DOWN,-0.885699117
ndufs4,DOWN,-0.883209257
ndufb6,DOWN,-0.882348416
shmt2,DOWN,-0.882336954
atp6v1b2,DOWN,-0.882026965
nedd9,DOWN,-0.880711419
uqcrc1,DOWN,-0.879878801
apoe,DOWN,-0.87930311
tcf4,DOWN,-0.877196967
vdac3,DOWN,-0.875127661
dctn6,DOWN,-0.874052089
anxa1,DOWN,-0.873966827
slc25a23,DOWN,-0.873550386
ap2a2,DOWN,-0.873485111
rps6kb2,DOWN,-0.872538619
pofut2,DOWN,-0.87233002
44083,DOWN,-0.871784875
pitpna,DOWN,-0.870790986
fis1,DOWN,-0.869769673
adpgk,DOWN,-0.869726535
rab5c,DOWN,-0.869697604
src,DOWN,-0.869618004
unc45a,DOWN,-0.869574024
gabbr1,DOWN,-0.869072254
gipc1,DOWN,-0.86747678
aco1,DOWN,-0.866866252
ercc1,DOWN,-0.866737248
pfkl,DOWN,-0.866171873
necap1,DOWN,-0.864889142
rnmt,DOWN,-0.862721471
fhl1,DOWN,-0.86222252
tspan7,DOWN,-0.861262443
exosc4,DOWN,-0.860910706
actr10,DOWN,-0.860906809
pcbp1,DOWN,-0.859773835
paxip1,DOWN,-0.859760923
sf3b2,DOWN,-0.859158813
senp3,DOWN,-0.858097101
pfn2,DOWN,-0.854940674
atp6v1g1,DOWN,-0.854395482
ppap2b,DOWN,-0.853888602
smarcb1,DOWN,-0.85355271
coq6,DOWN,-0.853151871
sema3c,DOWN,-0.852558325
scarb1,DOWN,-0.852550188
dhps,DOWN,-0.852515283
bpgm,DOWN,-0.852183955
rnf34,DOWN,-0.851101487
crtap,DOWN,-0.850596
slc25a4,DOWN,-0.849528533
slc7a2,DOWN,-0.847048363
dpm2,DOWN,-0.847045458
pabpn1,DOWN,-0.846678278
pex16,DOWN,-0.845955935
cox4i1,DOWN,-0.843676568
lmnb2,DOWN,-0.843407153
mboat2,DOWN,-0.842350074
rars,DOWN,-0.842240503
psip1,DOWN,-0.842130855
bgn,DOWN,-0.84127191
eif2b1,DOWN,-0.839800617
ehmt2,DOWN,-0.834242875
akt1,DOWN,-0.833762589
prr3,DOWN,-0.832788396
bsn,DOWN,-0.831937605
dhx30,DOWN,-0.831686165
cpsf3l,DOWN,-0.831683419
bambi,DOWN,-0.830486393
col5a2,DOWN,-0.828619029
acvr1b,DOWN,-0.827790522
sh3glb2,DOWN,-0.825240627
flna,DOWN,-0.825194212
pwp1,DOWN,-0.823553568
icam2,DOWN,-0.82282409
aprt,DOWN,-0.822606037
ntan1,DOWN,-0.821131245
vps72,DOWN,-0.820958584
emp3,DOWN,-0.820764182
por,DOWN,-0.820114445
trim32,DOWN,-0.819927717
ndufv1,DOWN,-0.81961448
isca1,DOWN,-0.818520992
slc25a28,DOWN,-0.818040157
ahi1,DOWN,-0.816253379
pja1,DOWN,-0.815983028
paqr4,DOWN,-0.813842024
fkbp8,DOWN,-0.813049759
carm1,DOWN,-0.81302845
rbx1,DOWN,-0.812635373
wars,DOWN,-0.812393572
cfdp1,DOWN,-0.812128107
smc2,DOWN,-0.811578646
qtrt1,DOWN,-0.810616334
gtf2e2,DOWN,-0.808621244
sox9,DOWN,-0.807852818
ndel1,DOWN,-0.807740505
emg1,DOWN,-0.807569709
adss,DOWN,-0.807459906
arhgap1,DOWN,-0.805365493
tpd52l2,DOWN,-0.802036177
axl,DOWN,-0.800801485
bccip,DOWN,-0.800280192
usp4,DOWN,-0.799928102
timm22,DOWN,-0.799675363
srf,DOWN,-0.799630167
med25,DOWN,-0.796981661
hcfc1r1,DOWN,-0.796919639
atp5g3,DOWN,-0.796460078
csrp1,DOWN,-0.79602903
brd3,DOWN,-0.795837501
prcc,DOWN,-0.795596684
wwp2,DOWN,-0.794022559
btd,DOWN,-0.793572945
nt5c,DOWN,-0.792444217
cryzl1,DOWN,-0.792181006
pdgfrb,DOWN,-0.791098117
prep,DOWN,-0.790825377
timm13,DOWN,-0.788926598
sdhc,DOWN,-0.788580497
creld1,DOWN,-0.788167249
cav1,DOWN,-0.788027488
opa3,DOWN,-0.787736913
adh5,DOWN,-0.787442913
gna11,DOWN,-0.787322928
usp39,DOWN,-0.786028947
ptprd,DOWN,-0.785454264
mbd3,DOWN,-0.784805275
ogfr,DOWN,-0.783873045
slc35b1,DOWN,-0.782660438
taf6l,DOWN,-0.782489629
smad5,DOWN,-0.781659648
pdk4,DOWN,-0.781616878
cry1,DOWN,-0.781482923
map2k5,DOWN,-0.781091043
hmbs,DOWN,-0.780639578
cd97,DOWN,-0.779886081
exosc2,DOWN,-0.779266001
guk1,DOWN,-0.778450994
sdhb,DOWN,-0.778356911
clcn6,DOWN,-0.77819156
psmf1,DOWN,-0.778023943
paics,DOWN,-0.777974036
glud1,DOWN,-0.777777841
pfdn1,DOWN,-0.777002553
chchd3,DOWN,-0.776703519
blvrb,DOWN,-0.775103062
add1,DOWN,-0.774423705
nit2,DOWN,-0.774218103
asb6,DOWN,-0.774186582
triap1,DOWN,-0.773701206
strn4,DOWN,-0.773493934
nr4a2,DOWN,-0.772727338
b4galt5,DOWN,-0.772241545
cyc1,DOWN,-0.771678162
ahcyl1,DOWN,-0.771615282
srpk1,DOWN,-0.769818993
nol12,DOWN,-0.76822843
pigt,DOWN,-0.768155959
srprb,DOWN,-0.768101735
xrcc6,DOWN,-0.767894236
dag1,DOWN,-0.767017229
snx3,DOWN,-0.766720597
sh3bp4,DOWN,-0.766399124
gnai3,DOWN,-0.765584449
copa,DOWN,-0.765278718
cxxc1,DOWN,-0.763230564
tceb2,DOWN,-0.7631669
nfyc,DOWN,-0.761505951
xab2,DOWN,-0.761138838
prkag1,DOWN,-0.759933828
hey1,DOWN,-0.759832461
doc2a,DOWN,-0.758540361
ppp1cb,DOWN,-0.758523651
piga,DOWN,-0.758098795
tle1,DOWN,-0.757942753
tmem97,DOWN,-0.757150592
zfpl1,DOWN,-0.75699793
psma1,DOWN,-0.756333028
reep2,DOWN,-0.75530774
klhl22,DOWN,-0.754765993
nr2f2,DOWN,-0.752852824
dtnb,DOWN,-0.751391025
efnb2,DOWN,-0.751083174
erp29,DOWN,-0.750313284
pfn1,DOWN,-0.749694986
mrpl9,DOWN,-0.749354395
cops3,DOWN,-0.749174598
ndufb5,DOWN,-0.749065438
ppa1,DOWN,-0.749044421
ergic3,DOWN,-0.748591965
psmc3,DOWN,-0.748251953
mgst3,DOWN,-0.748012386
ddx54,DOWN,-0.747723837
aamp,DOWN,-0.747603455
ndrg3,DOWN,-0.746182419
ngdn,DOWN,-0.745792042
polr2c,DOWN,-0.745546281
psmd11,DOWN,-0.744913164
rbm17,DOWN,-0.744883994
gps1,DOWN,-0.744524119
pam,DOWN,-0.744313192
msh3,DOWN,-0.74386578
ptplad1,DOWN,-0.743452978
gucy1b3,DOWN,-0.740997086
nploc4,DOWN,-0.739312986
tob1,DOWN,-0.738763532
pgls,DOWN,-0.738498674
ube3b,DOWN,-0.73832563
ctdsp2,DOWN,-0.738278949
clasp1,DOWN,-0.738227243
hspa14,DOWN,-0.737825944
dctn3,DOWN,-0.736820959
nosip,DOWN,-0.736326318
psmd14,DOWN,-0.736044315
erc1,DOWN,-0.73555377
deaf1,DOWN,-0.735506066
tomm20,DOWN,-0.735497016
mtmr9,DOWN,-0.734733171
timm9,DOWN,-0.734353157
atf4,DOWN,-0.734302475
poldip3,DOWN,-0.733115694
slc9a3r1,DOWN,-0.731322469
cox5a,DOWN,-0.730229531
tinf2,DOWN,-0.730151955
dnpep,DOWN,-0.727906093
elp3,DOWN,-0.726955243
ext1,DOWN,-0.725182769
adprh,DOWN,-0.725038258
rhbdf1,DOWN,-0.723984704
trip6,DOWN,-0.723931679
wdr77,DOWN,-0.723875192
psma5,DOWN,-0.723657688
psmd6,DOWN,-0.723073508
aes,DOWN,-0.722851211
nagk,DOWN,-0.72257722
ict1,DOWN,-0.721648322
tpm1,DOWN,-0.721263555
tomm40,DOWN,-0.719940351
epm2aip1,DOWN,-0.718784754
pde6d,DOWN,-0.717571408
trak1,DOWN,-0.717179984
cttn,DOWN,-0.717035412
dnm3,DOWN,-0.716935038
btrc,DOWN,-0.716846542
gstm5,DOWN,-0.716601738
ccnd2,DOWN,-0.716512077
nsfl1c,DOWN,-0.715239563
med9,DOWN,-0.715134296
timm8b,DOWN,-0.715034534
arhgef7,DOWN,-0.7146585
apeh,DOWN,-0.713773289
echs1,DOWN,-0.713158285
rtn3,DOWN,-0.71306435
klhdc4,DOWN,-0.712787896
pitpnm1,DOWN,-0.712620392
ube2z,DOWN,-0.712274869
ftsj1,DOWN,-0.712244079
usp5,DOWN,-0.711524551
u2af2,DOWN,-0.709866548
slc6a8,DOWN,-0.708071645
nmt2,DOWN,-0.70748746
pole3,DOWN,-0.705416001
rps19,DOWN,-0.705347347
hbegf,DOWN,-0.705088578
aldoa,DOWN,-0.704127679
rgs5,DOWN,-0.702981083
hist3h2a,DOWN,-0.702604007
slc39a6,DOWN,-0.702050774
notch3,DOWN,-0.700414732
tmed1,DOWN,-0.699381206
spsb3,DOWN,-0.699247087
exoc7,DOWN,-0.699115969
nufip1,DOWN,-0.698946076
rraga,DOWN,-0.698638108
tfpt,DOWN,-0.697090927
parp1,DOWN,-0.696887456
mapk7,DOWN,-0.696481069
mrpl11,DOWN,-0.696370066
tbcd,DOWN,-0.695062419
mrpl24,DOWN,-0.694008369
slc25a14,DOWN,-0.692926854
farp1,DOWN,-0.692804912
bax,DOWN,-0.691743715
ap2b1,DOWN,-0.68999039
ube2e1,DOWN,-0.689457707
bsg,DOWN,-0.68920966
park7,DOWN,-0.688999315
magi1,DOWN,-0.688047274
dlc1,DOWN,-0.688014381
rusc1,DOWN,-0.687328892
kdelr1,DOWN,-0.687283401
ptbp1,DOWN,-0.68663601
tusc3,DOWN,-0.68634586
ppp1r8,DOWN,-0.686167786
cox7a2,DOWN,-0.685891514
srp19,DOWN,-0.685481684
anxa5,DOWN,-0.684987016
tfrc,DOWN,-0.684793012
44080,DOWN,-0.6847713
cuta,DOWN,-0.684678862
ruvbl2,DOWN,-0.684505911
pola1,DOWN,-0.68337655
clns1a,DOWN,-0.681439219
wdr6,DOWN,-0.680841566
ubap2,DOWN,-0.680495152
crip2,DOWN,-0.679485689
cbx5,DOWN,-0.679474126
gng11,DOWN,-0.677976521
mfn2,DOWN,-0.676881392
tuft1,DOWN,-0.67640701
vps4a,DOWN,-0.675897002
gfer,DOWN,-0.675480825
cbr1,DOWN,-0.674566342
gga2,DOWN,-0.673877674
arih2,DOWN,-0.673376138
gusb,DOWN,-0.672986584
lama5,DOWN,-0.672769194
tsg101,DOWN,-0.671640633
impad1,DOWN,-0.671597491
tspan9,DOWN,-0.670765896
atp6v1h,DOWN,-0.670337904
ganab,DOWN,-0.6694549
gas8,DOWN,-0.669452568
dhcr7,DOWN,-0.669012922
vwa1,DOWN,-0.668819627
ppp2r4,DOWN,-0.668616948
fbxo22,DOWN,-0.66748663
acox1,DOWN,-0.666208638
mrps22,DOWN,-0.665836432
napa,DOWN,-0.665315313
ptdss2,DOWN,-0.664768936
akap1,DOWN,-0.664667457
inpp5a,DOWN,-0.664365542
elf2,DOWN,-0.664183681
mrps11,DOWN,-0.664149158
sod1,DOWN,-0.662111274
phc2,DOWN,-0.660988066
tssc1,DOWN,-0.660261181
plcb1,DOWN,-0.659725014
chfr,DOWN,-0.659603755
mrpl33,DOWN,-0.659490763
elp4,DOWN,-0.659449983
abhd10,DOWN,-0.659282637
fibp,DOWN,-0.657945706
gtf3c5,DOWN,-0.656317554
cnot7,DOWN,-0.656307856
grina,DOWN,-0.655867712
bace1,DOWN,-0.655857619
coro2b,DOWN,-0.655408616
ube2o,DOWN,-0.654707407
slc2a1,DOWN,-0.654220359
dolpp1,DOWN,-0.654048102
slc25a22,DOWN,-0.653257944
rassf1,DOWN,-0.652171851
man1b1,DOWN,-0.651649824
dazap1,DOWN,-0.651363874
psme1,DOWN,-0.650681524
rpn2,DOWN,-0.650584052
grwd1,DOWN,-0.650249171
bcs1l,DOWN,-0.649971176
rpl18,DOWN,-0.649911389
jam3,DOWN,-0.647991504
psma3,DOWN,-0.647907331
snrpn,DOWN,-0.64699788
snf8,DOWN,-0.64683097
dnmt1,DOWN,-0.645641553
eny2,DOWN,-0.645277387
mras,DOWN,-0.643990811
ttll1,DOWN,-0.643509855
mrpl52,DOWN,-0.642924956
gas7,DOWN,-0.64279503
smarcc1,DOWN,-0.64235789
gtf2h3,DOWN,-0.642251804
phldb1,DOWN,-0.639371661
ankra2,DOWN,-0.639139825
supv3l1,DOWN,-0.639008173
elac2,DOWN,-0.636422406
ptk2,DOWN,-0.63613742
gosr2,DOWN,-0.63571534
dnajb5,DOWN,-0.635492559
ndufa8,DOWN,-0.635437133
wdr55,DOWN,-0.634858336
topbp1,DOWN,-0.634580987
idh3b,DOWN,-0.633163294
stxbp1,DOWN,-0.632323573
rnh1,DOWN,-0.632248883
drg1,DOWN,-0.630628683
sccpdh,DOWN,-0.630064297
mkrn1,DOWN,-0.629523031
pola2,DOWN,-0.629476304
sf3a3,DOWN,-0.629378974
stk11,DOWN,-0.629136877
tmem106c,DOWN,-0.628070634
enah,DOWN,-0.626744472
vps37b,DOWN,-0.626387285
med28,DOWN,-0.625276235
aph1a,DOWN,-0.625233013
mnat1,DOWN,-0.625191285
osgep,DOWN,-0.624797784
rapgef3,DOWN,-0.624188788
casp2,DOWN,-0.624144916
sdhd,DOWN,-0.623047839
fbln5,DOWN,-0.622550057
gprc5c,DOWN,-0.622040783
cstf2,DOWN,-0.621952465
pmpcb,DOWN,-0.621721383
cmas,DOWN,-0.621150815
dcxr,DOWN,-0.619727933
fastk,DOWN,-0.619387095
rfxank,DOWN,-0.618816767
gpaa1,DOWN,-0.618586671
mgat4b,DOWN,-0.618239206
mum1,DOWN,-0.617696136
cdipt,DOWN,-0.617085038
baiap2,DOWN,-0.616473922
urod,DOWN,-0.616120539
tdp1,DOWN,-0.615987839
mrps7,DOWN,-0.615674015
abcf2,DOWN,-0.61566582
timm44,DOWN,-0.615088742
igfbp5,DOWN,-0.613462255
yipf2,DOWN,-0.613061153
zmym3,DOWN,-0.61128539
ecsit,DOWN,-0.609067307
b3gat3,DOWN,-0.608849981
ahsa1,DOWN,-0.608430815
fxyd5,DOWN,-0.608094101
per2,DOWN,-0.608003216
limk1,DOWN,-0.607824696
sncaip,DOWN,-0.607460222
mtx2,DOWN,-0.607318128
smarca4,DOWN,-0.606909089
cyfip2,DOWN,-0.606900857
ppp5c,DOWN,-0.606854973
rad23a,DOWN,-0.606780542
ewsr1,DOWN,-0.605676455
mrpl17,DOWN,-0.604642447
dapk1,DOWN,-0.604317087
cdc42se1,DOWN,-0.603271839
s100a8,DOWN,-0.602962655
ufm1,DOWN,-0.602214196
csnk1d,DOWN,-0.601422596
mocs2,DOWN,-0.59800101
pccb,DOWN,-0.597673595
hddc2,DOWN,-0.594867637
mapkap1,DOWN,-0.593909981
gcdh,DOWN,-0.593802189
mphosph6,DOWN,-0.592994374
ttc4,DOWN,-0.591643692
pik3r2,DOWN,-0.59152281
ankrd28,DOWN,-0.591035781
kif1a,DOWN,-0.5909629
khdrbs1,DOWN,-0.590785685
dhrs1,DOWN,-0.589228341
dpysl2,DOWN,-0.589081819
ndrg2,DOWN,-0.58902105
nol6,DOWN,-0.588132049
dvl2,DOWN,-0.586467544
rab8a,DOWN,-0.586445246
pnkp,DOWN,-0.586025694
mapre2,DOWN,-0.585540374
tcea2,DOWN,-0.584978212
nrbp1,DOWN,-0.583985581
tusc2,DOWN,-0.583383061
tbca,DOWN,-0.582015423
setd8,DOWN,-0.581593772
psmb5,DOWN,-0.580089399
slc2a3,DOWN,-0.579360296
fbxo31,DOWN,-0.578365822
armcx1,DOWN,-0.578037549
tubg1,DOWN,-0.577771114
dpagt1,DOWN,-0.575268195
sidt2,DOWN,-0.574922307
impdh1,DOWN,-0.574022591
ecd,DOWN,-0.573957757
ndufa7,DOWN,-0.573919808
gnai1,DOWN,-0.573156466
polr2g,DOWN,-0.572957776
gorasp1,DOWN,-0.571710814
mrpl41,DOWN,-0.571608807
rai14,DOWN,-0.571492321
rbm22,DOWN,-0.570330386
ccnd3,DOWN,-0.56847913
tpk1,DOWN,-0.567266118
igbp1,DOWN,-0.567240861
cops7a,DOWN,-0.56678634
fzr1,DOWN,-0.565957937
fars2,DOWN,-0.563515734
maoa,DOWN,-0.562260313
cdkn1a,DOWN,-0.56035314
slc25a13,DOWN,-0.559028575
mrps28,DOWN,-0.557389716
nsdhl,DOWN,-0.555169876
irf2bp1,DOWN,-0.555094108
mapre3,DOWN,-0.553651033
e2f6,DOWN,-0.55355235
wdr61,DOWN,-0.552700389
acy1,DOWN,-0.552300893
gart,DOWN,-0.551787262
fcgrt,DOWN,-0.551178614
clstn1,DOWN,-0.550596853
abcb6,DOWN,-0.549113304
cript,DOWN,-0.548726935
vapb,DOWN,-0.545450232
yipf3,DOWN,-0.544630485
pfkm,DOWN,-0.542391155
dhx16,DOWN,-0.541628493
pdss1,DOWN,-0.540971689
got2,DOWN,-0.540554725
psma4,DOWN,-0.539915422
efemp2,DOWN,-0.538657393
mtx1,DOWN,-0.537993553
cwf19l1,DOWN,-0.537751331
cdkn1c,DOWN,-0.53689781
ltbp3,DOWN,-0.536529606
parl,DOWN,-0.534391014
rps6ka2,DOWN,-0.534170308
ubtf,DOWN,-0.533935982
snx11,DOWN,-0.533092112
arf3,DOWN,-0.532837954
dctn1,DOWN,-0.532431791
ulk1,DOWN,-0.532356723
gss,DOWN,-0.532016324
bckdk,DOWN,-0.531936075
qtrtd1,DOWN,-0.531522022
atp5d,DOWN,-0.530260809
44076,DOWN,-0.525897438
gsk3a,DOWN,-0.525687802
mrps18a,DOWN,-0.525529536
oxa1l,DOWN,-0.524901834
43892,DOWN,-0.5245632
pick1,DOWN,-0.523672861
twsg1,DOWN,-0.52342848
samm50,DOWN,-0.523313528
sf3a2,DOWN,-0.518755661
mrpl19,DOWN,-0.518302754
sergef,DOWN,-0.518232278
aco2,DOWN,-0.517567407
fbxo3,DOWN,-0.515246293
arfgap1,DOWN,-0.514138656
bcl2l1,DOWN,-0.513704001
pmm1,DOWN,-0.512814494
vrk3,DOWN,-0.512191629
glrx2,DOWN,-0.512074081
polr3k,DOWN,-0.508826603
tbc1d13,DOWN,-0.50873074
rab40c,DOWN,-0.508300279
tef,DOWN,-0.508086479
galc,DOWN,-0.507603603
pdk2,DOWN,-0.507104356
copb2,DOWN,-0.506853304
gnb5,DOWN,-0.506682262
npepl1,DOWN,-0.506681321
mapkapk2,DOWN,-0.50641917
ube2l6,DOWN,-0.506292025
gadd45a,DOWN,-0.505128652
taf6,DOWN,-0.504253673
slc39a7,DOWN,-0.503131085
zdhhc7,DOWN,-0.50276002
ufc1,DOWN,-0.502615415
pex14,DOWN,-0.502253478
prune,DOWN,-0.498832211
uros,DOWN,-0.49875102
clpp,DOWN,-0.496672651
tmub2,DOWN,-0.496483238
mrpl2,DOWN,-0.494712942
sf3a1,DOWN,-0.493215983
lsr,DOWN,-0.493171612
wbscr22,DOWN,-0.492874319
amot,DOWN,-0.492050155
vti1b,DOWN,-0.491098171
sirt2,DOWN,-0.490909722
dvl3,DOWN,-0.490592759
atp13a2,DOWN,-0.489612296
ptges2,DOWN,-0.489166816
ift122,DOWN,-0.488050155
spred2,DOWN,-0.487985542
cryz,DOWN,-0.487398937
ndufb2,DOWN,-0.486722085
elovl6,DOWN,-0.48250013
cd320,DOWN,-0.481927723
elavl1,DOWN,-0.479890353
bak1,DOWN,-0.479558977
ndufb7,DOWN,-0.479101895
igfbp2,DOWN,-0.478786563
zmat3,DOWN,-0.476604437
coasy,DOWN,-0.476431704
keap1,DOWN,-0.46952309
ube2i,DOWN,-0.469395161
rnf10,DOWN,-0.468615813
commd9,DOWN,-0.467499126
mrpl39,DOWN,-0.467147446
mrpl15,DOWN,-0.46707569
gpm6a,DOWN,-0.46613082
arsa,DOWN,-0.465306339
yap1,DOWN,-0.462019889
klhl21,DOWN,-0.461423011
sox4,DOWN,-0.461223447
commd4,DOWN,-0.460816039
agpat1,DOWN,-0.460452157
dpm1,DOWN,-0.460229592
b4galt7,DOWN,-0.459784394
ap3s1,DOWN,-0.459720324
nab2,DOWN,-0.457511342
mrpl13,DOWN,-0.456830076
pef1,DOWN,-0.456645012
rbm38,DOWN,-0.454998126
hgs,DOWN,-0.453763058
aplp1,DOWN,-0.451034622
sharpin,DOWN,-0.449732808
prnp,DOWN,-0.444378571
qdpr,DOWN,-0.443737362
thap11,DOWN,-0.442453527
gorasp2,DOWN,-0.440728685
ehbp1,DOWN,-0.437756654
ubiad1,DOWN,-0.436454833
ckap4,DOWN,-0.436356152
rpa1,DOWN,-0.435573939
nif3l1,DOWN,-0.433744416
ctgf,DOWN,-0.429306241
faim,DOWN,-0.428744281
ncbp2,DOWN,-0.428599757
bcl2l2,DOWN,-0.425799909
stam,DOWN,-0.424069726
imp3,DOWN,-0.423844966
mrpl4,DOWN,-0.421662645
vbp1,DOWN,-0.419913359
znhit1,DOWN,-0.418693787
ssna1,DOWN,-0.417055529
terf2ip,DOWN,-0.415964205
bad,DOWN,-0.414204517
dera,DOWN,-0.412991764
angptl2,DOWN,-0.411804792
pigq,DOWN,-0.411171812
atp8b2,DOWN,-0.408025157
gprc5b,DOWN,-0.405442493
mrpl49,DOWN,-0.401624426
rpap1,DOWN,-0.40142028
wdr46,DOWN,-0.399265438
btbd1,DOWN,-0.398925592
nenf,DOWN,-0.398688932
cbx1,DOWN,-0.398598678
ring1,DOWN,-0.398511998
csnk1g2,DOWN,-0.397866025
eral1,DOWN,-0.397469805
thnsl1,DOWN,-0.396759713
wdr45,DOWN,-0.394127949
ranbp3,DOWN,-0.393110141
wdr12,DOWN,-0.391928136
polr1e,DOWN,-0.390527617
rbck1,DOWN,-0.390359793
exosc8,DOWN,-0.387398913
lrrc1,DOWN,-0.387397467
cbx6,DOWN,-0.387256679
pld3,DOWN,-0.385636574
cotl1,DOWN,-0.384700273
vps37c,DOWN,-0.384681158
cstf2t,DOWN,-0.384320352
zswim1,DOWN,-0.382142864
ppm1b,DOWN,-0.380202422
khdrbs3,DOWN,-0.380049096
ndufs7,DOWN,-0.378329503
yif1a,DOWN,-0.376231978
mbtps1,DOWN,-0.375096358
isoc1,DOWN,-0.373935436
gatad1,DOWN,-0.373094835
cog4,DOWN,-0.365774951
galnt11,DOWN,-0.365201544
acp1,DOWN,-0.361016566
prpsap1,DOWN,-0.357325832
nup133,DOWN,-0.356456793
sephs2,DOWN,-0.354694661
ppp2r3c,DOWN,-0.354314288
becn1,DOWN,-0.351643447
alg9,DOWN,-0.348813723
nup107,DOWN,-0.348698652
tspan13,DOWN,-0.347188596
sh2b1,DOWN,-0.347182169
arhgef10,DOWN,-0.345383285
tmem43,DOWN,-0.343093813
gmppa,DOWN,-0.342204227
ramp2,DOWN,-0.341576042
chmp6,DOWN,-0.333478386
mrps16,DOWN,-0.332423234
pomt2,DOWN,-0.331075153
mus81,DOWN,-0.328215212
tspyl1,DOWN,-0.327553061
slc37a4,DOWN,-0.327329904
pop5,DOWN,-0.320768761
ptdss1,DOWN,-0.317271916
flad1,DOWN,-0.314486656
cpsf4,DOWN,-0.305560168
vegfb,DOWN,-0.303163361
hsd17b4,DOWN,-0.299949485
asf1a,DOWN,-0.295037221
paip1,DOWN,-0.294596854
narfl,DOWN,-0.275836412
tcta,DOWN,-0.272597671
pomt1,DOWN,-0.269421777
rabepk,DOWN,-0.241256284
trim13,DOWN,-0.23832153
tfam,DOWN,-0.232640006
narf,DOWN,-0.232519518
gne,UP,0.304343208
cyb5r1,UP,0.324477985
rapgef4,UP,0.334957397
syngr1,UP,0.337946672
nbn,UP,0.361253263
sdf2l1,UP,0.36311038
pum2,UP,0.367878259
sf3b1,UP,0.370697517
slc4a1ap,UP,0.373694697
hif1a,UP,0.376396904
vps13c,UP,0.393434786
snx19,UP,0.393463373
acbd3,UP,0.397855628
ktn1,UP,0.398892278
bmpr2,UP,0.401266557
mllt10,UP,0.402402951
ythdf2,UP,0.405920233
ercc5,UP,0.406312867
trit1,UP,0.408091189
pja2,UP,0.411050683
arntl,UP,0.411353957
heatr1,UP,0.416686207
smarca5,UP,0.418086319
vps26a,UP,0.420729853
golph3l,UP,0.421694775
nktr,UP,0.424884555
taok1,UP,0.426656186
bicd2,UP,0.428487309
phf3,UP,0.429134512
ggcx,UP,0.436230477
creb1,UP,0.437542149
akap8,UP,0.43870855
dpp8,UP,0.439454276
rufy1,UP,0.440033281
pik3r4,UP,0.443581053
kpna3,UP,0.443628818
lsm14a,UP,0.44545562
lrpprc,UP,0.447087468
gspt1,UP,0.447101821
parp2,UP,0.447482631
app,UP,0.448599276
ipo8,UP,0.448986185
sp3,UP,0.449639753
mid1,UP,0.452312385
ddx18,UP,0.453391568
usp33,UP,0.453514336
ppp1r7,UP,0.45611122
rasa1,UP,0.462767941
sirt1,UP,0.462954467
smek2,UP,0.463433484
scamp1,UP,0.463788138
ube4a,UP,0.46443353
vps11,UP,0.465764267
tax1bp1,UP,0.468260991
xrcc5,UP,0.468521946
atr,UP,0.468920494
vps39,UP,0.469351436
fndc3a,UP,0.470660904
arl1,UP,0.471616462
sgcb,UP,0.472833438
ubr2,UP,0.473041299
baz2b,UP,0.473945805
creb3l2,UP,0.473956955
ankfy1,UP,0.475993108
helz,UP,0.476724244
tbc1d15,UP,0.479285237
gab2,UP,0.479681118
chd1,UP,0.47984077
usp48,UP,0.480038706
nfkb1,UP,0.480998423
ccnt2,UP,0.481491447
sel1l,UP,0.48251331
add3,UP,0.488710254
etv6,UP,0.490547174
socs5,UP,0.49107673
mtmr2,UP,0.491155596
sdpr,UP,0.494979682
son,UP,0.496809504
rabep1,UP,0.497805233
rbm39,UP,0.497838253
dmtf1,UP,0.502573486
arfgef1,UP,0.502690612
cltc,UP,0.503512289
nxf1,UP,0.5038145
dnaja3,UP,0.506994531
golga4,UP,0.50966859
rsrc2,UP,0.511749215
rbm5,UP,0.513021893
sp1,UP,0.513368079
nfat5,UP,0.513718678
rlf,UP,0.514925641
gbe1,UP,0.517772822
slc41a3,UP,0.518012471
msn,UP,0.51879533
cd47,UP,0.52250316
map3k2,UP,0.522973264
tpp2,UP,0.523263938
papola,UP,0.525256664
rhot1,UP,0.527260467
il18bp,UP,0.527411685
zmpste24,UP,0.528769816
itih5,UP,0.529367763
rab8b,UP,0.533721149
akap8l,UP,0.535436921
upf2,UP,0.539033588
marcks,UP,0.539879739
bbx,UP,0.540200321
ikbkg,UP,0.540998139
atf6,UP,0.545413253
abcb7,UP,0.546282965
slc13a3,UP,0.547885612
tnfrsf1a,UP,0.552528798
phip,UP,0.553316653
nupl2,UP,0.553377066
slc4a7,UP,0.553966379
atp5s,UP,0.555585198
stk4,UP,0.555653836
tceb3,UP,0.559896604
tsc22d4,UP,0.561141988
tmem62,UP,0.561213539
itch,UP,0.567405734
mbip,UP,0.568101997
ncoa3,UP,0.568353139
mtrr,UP,0.56929781
pfkfb3,UP,0.571353048
stag2,UP,0.572390514
jmjd1c,UP,0.575686693
nnt,UP,0.576354499
dnajc13,UP,0.577083284
pdcd10,UP,0.57911466
mis12,UP,0.582227995
edem3,UP,0.582407229
abl1,UP,0.583547366
st3gal2,UP,0.587149239
stat1,UP,0.591056891
rb1cc1,UP,0.591667629
ehd4,UP,0.596854145
ctsf,UP,0.597684851
dock9,UP,0.597910885
pigb,UP,0.598255026
cep290,UP,0.599865147
ddhd2,UP,0.599970553
pcmtd2,UP,0.601041304
ctps2,UP,0.601704353
pign,UP,0.605009632
cnot8,UP,0.605876055
lpin1,UP,0.608155203
tmod1,UP,0.608332062
cebpd,UP,0.610049435
nsmaf,UP,0.611038537
sh3glb1,UP,0.613066162
nr2c1,UP,0.614638371
stk3,UP,0.614643324
extl3,UP,0.615130493
uvrag,UP,0.616378193
herc2,UP,0.618200866
nipbl,UP,0.618418666
scfd1,UP,0.618949407
arhgef3,UP,0.619159826
mylk,UP,0.621911431
mbp,UP,0.62248894
mpp5,UP,0.623781633
abi1,UP,0.626272251
tdrd7,UP,0.631883352
col4a3bp,UP,0.632390663
abcc5,UP,0.634527255
ccnd1,UP,0.637086795
e2f3,UP,0.639383408
pcf11,UP,0.64018123
insig2,UP,0.640747973
snta1,UP,0.642935844
ggps1,UP,0.645077475
uckl1,UP,0.646689537
ulk2,UP,0.648048196
dnajc7,UP,0.648449743
prkdc,UP,0.650049346
atg16l1,UP,0.652075292
peli2,UP,0.652719876
nfkbie,UP,0.654454472
cited2,UP,0.655859573
rnf167,UP,0.656124253
mto1,UP,0.65791794
atp6ap2,UP,0.659010384
trim26,UP,0.663730263
tnfrsf21,UP,0.667107651
arnt,UP,0.670910592
hsp90aa1,UP,0.670912194
cnot4,UP,0.672381993
tbl1xr1,UP,0.67654504
ccng2,UP,0.676796499
arhgap17,UP,0.678635739
ythdf3,UP,0.679011909
ddx5,UP,0.680988918
fkbp5,UP,0.68398215
herc4,UP,0.684161815
nfatc3,UP,0.685450459
phactr2,UP,0.685898995
rfc1,UP,0.69035122
cnot2,UP,0.690667615
ptgs2,UP,0.69122905
osbpl9,UP,0.691451981
itga6,UP,0.691529025
cpne3,UP,0.693423373
hist1h1c,UP,0.695403274
trip11,UP,0.697043906
vps54,UP,0.697714937
ids,UP,0.701714066
rad50,UP,0.702379166
hibch,UP,0.702388353
atg5,UP,0.702727831
ptpro,UP,0.704603674
pigh,UP,0.708411411
parp8,UP,0.708838307
crat,UP,0.710216676
nucb2,UP,0.710739465
mtdh,UP,0.711494482
tor1aip1,UP,0.713974237
pten,UP,0.716725535
ptprm,UP,0.717220931
ccdc47,UP,0.72139334
cbl,UP,0.722116973
sec14l2,UP,0.725041713
acacb,UP,0.725146563
tor3a,UP,0.725887279
pls3,UP,0.729305977
hs1bp3,UP,0.730313629
hsp90b1,UP,0.730762186
smad3,UP,0.736750978
canx,UP,0.736978873
dgka,UP,0.738488121
clock,UP,0.739553986
acvr1,UP,0.740624513
leprotl1,UP,0.744928472
rbm15,UP,0.74607895
cebpg,UP,0.748648928
pik3r1,UP,0.748784297
c1galt1c1,UP,0.749183013
net1,UP,0.75045872
tjp1,UP,0.75219336
dbt,UP,0.755957419
usp8,UP,0.757103743
prcp,UP,0.759340806
hlf,UP,0.760904523
matk,UP,0.761854619
hsdl2,UP,0.762000171
acsl1,UP,0.76247158
osbpl11,UP,0.763914605
rrbp1,UP,0.764138285
vps4b,UP,0.766349064
edn1,UP,0.769106269
slc31a2,UP,0.769196271
oxr1,UP,0.769588198
phkb,UP,0.772130961
ier3,UP,0.773861824
plekho1,UP,0.77607592
plod1,UP,0.777144736
pilra,UP,0.778530042
macf1,UP,0.780170264
tbk1,UP,0.780345057
scarb2,UP,0.78184377
arhgdib,UP,0.784291185
senp2,UP,0.785649896
coro1a,UP,0.785698731
msrb2,UP,0.787472927
cds2,UP,0.788034953
grn,UP,0.790258446
rock2,UP,0.79087384
adamts1,UP,0.790954457
eif2ak2,UP,0.796574442
prkca,UP,0.798779094
clip1,UP,0.802339425
camk1d,UP,0.805065852
fbxl14,UP,0.805932459
ctns,UP,0.80718257
zfyve16,UP,0.810845904
iscu,UP,0.81458897
rpe,UP,0.815594474
p2rx4,UP,0.818867832
nfe2l2,UP,0.822322261
dennd4c,UP,0.822711855
cryl1,UP,0.823216624
npc1,UP,0.82508253
reck,UP,0.82657572
snx10,UP,0.827746059
ubap1,UP,0.832498376
klf6,UP,0.832591369
crbn,UP,0.838189875
ppfibp2,UP,0.839208722
pnpo,UP,0.839818804
mkln1,UP,0.841759477
clpx,UP,0.842663031
pigk,UP,0.842668844
numb,UP,0.848770629
tob2,UP,0.851566551
il18,UP,0.851624187
abcg1,UP,0.852516358
acsl5,UP,0.853246063
ptplb,UP,0.854247509
rmi1,UP,0.856383166
ldhb,UP,0.863100003
ghitm,UP,0.864208751
stard3,UP,0.868263216
picalm,UP,0.868605568
mef2c,UP,0.870436926
snap23,UP,0.870974472
slc24a3,UP,0.872181692
etv5,UP,0.873584337
utp11l,UP,0.873953298
lrba,UP,0.87541626
lyst,UP,0.877480355
yme1l1,UP,0.878102777
txnrd2,UP,0.878619307
ccnl1,UP,0.881323615
bnip2,UP,0.88191008
etfdh,UP,0.884966173
ccng1,UP,0.888119837
bcl6,UP,0.891469273
actr2,UP,0.893205784
rfx5,UP,0.894039043
myh11,UP,0.89589858
cap1,UP,0.896027279
nars,UP,0.896674034
sort1,UP,0.899642615
chmp1b,UP,0.902313296
dst,UP,0.903572344
ralb,UP,0.904215482
sipa1,UP,0.906055004
lgals3bp,UP,0.907955029
nrip1,UP,0.916399222
nmt1,UP,0.918243606
kbtbd2,UP,0.920014141
adam17,UP,0.921960122
wasf2,UP,0.924107528
pdxk,UP,0.924533052
sema4d,UP,0.925255501
jam2,UP,0.925685161
krcc1,UP,0.927754479
stx2,UP,0.930490691
efhd2,UP,0.931025264
lrrk1,UP,0.932138246
ets1,UP,0.932198846
atp1b3,UP,0.932238315
cul4b,UP,0.932808264
spsb1,UP,0.940404204
itgav,UP,0.942864237
adcy7,UP,0.947166182
ctbs,UP,0.949998678
tm9sf2,UP,0.950438192
rhog,UP,0.951825955
chuk,UP,0.952685797
gpr56,UP,0.952919496
adam15,UP,0.955692963
cyfip1,UP,0.958309576
mvp,UP,0.960541363
mgat2,UP,0.962686749
ctnnal1,UP,0.963519843
tmed5,UP,0.964839576
ubc,UP,0.969776794
azi2,UP,0.969877303
cd34,UP,0.972920282
lcp1,UP,0.979067882
aldh3a2,UP,0.982040512
stat5b,UP,0.982334874
chst12,UP,0.982422419
cacnb2,UP,0.983007375
manba,UP,0.983641273
acsl4,UP,0.983733431
nr3c1,UP,0.985067155
sp110,UP,0.985745484
stat6,UP,0.986166787
cebpz,UP,0.989530983
sgsh,UP,0.99094171
slc22a5,UP,0.991120969
slc35a3,UP,0.995204357
chpt1,UP,0.99701681
cep68,UP,1.000380765
gdi2,UP,1.003256858
tubgcp5,UP,1.007360508
dnaja1,UP,1.011197475
ap1s2,UP,1.024120914
ripk2,UP,1.025888821
derl1,UP,1.029201215
pld1,UP,1.033495128
csad,UP,1.033698601
ctsd,UP,1.036250453
bcap29,UP,1.038070846
gns,UP,1.038914115
bag3,UP,1.039730415
tomm34,UP,1.039921824
ifih1,UP,1.044273066
terf1,UP,1.045992543
tpp1,UP,1.051453577
aftph,UP,1.051495302
calr,UP,1.057141299
dhrs3,UP,1.059942314
dhrs7,UP,1.062473662
nr1d2,UP,1.071131714
enpp4,UP,1.073773183
lyl1,UP,1.084068648
tap1,UP,1.089016974
naalad2,UP,1.090242945
tnfrsf1b,UP,1.091032468
amd1,UP,1.09159778
fyco1,UP,1.092479506
ptpre,UP,1.093956844
apbb1ip,UP,1.112273569
rassf2,UP,1.113641006
plcl2,UP,1.115256211
bid,UP,1.116413605
hspd1,UP,1.118207873
sult1a1,UP,1.120041713
hbp1,UP,1.130467408
cyp27a1,UP,1.137759923
scrn3,UP,1.140781314
synj2,UP,1.146554641
slc30a5,UP,1.149685829
serpine2,UP,1.151714797
tgfbr2,UP,1.153443259
plod3,UP,1.153774881
tmem30a,UP,1.159171994
clk4,UP,1.15976758
prkcq,UP,1.161744953
icmt,UP,1.16179367
cd81,UP,1.170796639
cln5,UP,1.172529815
fech,UP,1.173702161
psmb8,UP,1.174078013
eed,UP,1.186376853
slc7a8,UP,1.186819661
prpsap2,UP,1.190140927
st6galnac4,UP,1.19122664
parp4,UP,1.192143189
lamp2,UP,1.196321314
rab21,UP,1.203442626
lmbrd1,UP,1.208708688
mertk,UP,1.209978139
itm2c,UP,1.215166798
rngtt,UP,1.22587878
inpp5d,UP,1.227925037
mbnl1,UP,1.235414955
sacm1l,UP,1.236473076
tgm2,UP,1.237118772
tyrobp,UP,1.242137528
laptm5,UP,1.24403032
asb13,UP,1.244230985
fosb,UP,1.244562445
fzd4,UP,1.244882254
nlrp3,UP,1.247570707
fes,UP,1.25266709
cx3cr1,UP,1.259771198
lifr,UP,1.260022429
was,UP,1.26236569
mafb,UP,1.262750449
ppp1r2,UP,1.264100182
hspa5,UP,1.268530163
ubl3,UP,1.279852875
lap3,UP,1.28256694
srgn,UP,1.28315679
mtmr6,UP,1.283412265
adcy9,UP,1.290768151
abhd6,UP,1.29894035
camk1,UP,1.303508249
elmo1,UP,1.314972733
csf1r,UP,1.322625858
nipa2,UP,1.327376789
tmem106b,UP,1.329673562
zfp36l1,UP,1.33105766
dnajb1,UP,1.332357483
il13ra1,UP,1.335687761
atp6v1c1,UP,1.336596019
tapbp,UP,1.336726734
cd83,UP,1.338529859
mcl1,UP,1.356043335
cflar,UP,1.360587836
serpinf1,UP,1.361793166
maf,UP,1.363819274
tpst2,UP,1.371385349
b4galt4,UP,1.374544976
enpp2,UP,1.37600962
lgals8,UP,1.376727019
mgp,UP,1.383409593
mal,UP,1.383735537
ivns1abp,UP,1.401030498
oxct1,UP,1.401810341
junb,UP,1.403799775
elf1,UP,1.410584539
slc10a3,UP,1.410887324
vipr1,UP,1.413788593
nck1,UP,1.432409295
psap,UP,1.448507974
lrmp,UP,1.467848144
dnajb9,UP,1.471623217
kcnj2,UP,1.479644463
ctsh,UP,1.48425048
scn1b,UP,1.492862752
egr2,UP,1.49324562
pdgfb,UP,1.493454406
ptk2b,UP,1.496490187
ly96,UP,1.506837162
p2rx7,UP,1.517477122
coro2a,UP,1.518264442
serinc1,UP,1.528051387
mgll,UP,1.531570989
spg20,UP,1.539993593
tmem87a,UP,1.540146645
klf2,UP,1.542463181
chn2,UP,1.552895526
chst7,UP,1.554364987
xbp1,UP,1.569658923
tgfa,UP,1.57400876
smad7,UP,1.581739033
cd14,UP,1.586042337
acp2,UP,1.603306531
phf1,UP,1.603613645
reep5,UP,1.605847211
hcls1,UP,1.616044448
prkcd,UP,1.62249045
slc35a5,UP,1.63676051
mgat1,UP,1.646216914
c1qb,UP,1.666894029
aif1,UP,1.667952702
egr1,UP,1.676268773
skap2,UP,1.678967114
srpr,UP,1.684179129
hmox2,UP,1.686721704
ifngr2,UP,1.692584742
cd9,UP,1.705969589
sparc,UP,1.709522614
st3gal5,UP,1.723189919
hk2,UP,1.729927592
jun,UP,1.737036115
acox3,UP,1.737653949
m6pr,UP,1.738235158
prkab1,UP,1.746350717
clk1,UP,1.749463775
cept1,UP,1.750329643
tram1,UP,1.761889124
tap2,UP,1.767876112
crot,UP,1.776135935
itgb2,UP,1.778235225
lgmn,UP,1.789199359
pmp22,UP,1.81478798
ngly1,UP,1.81644776
atp2c1,UP,1.826459078
dapp1,UP,1.847200269
cbx7,UP,1.855207918
pros1,UP,1.877349554
birc3,UP,1.885653426
wsb1,UP,1.886316875
asph,UP,1.900135359
map2k1,UP,1.922140198
rab3il1,UP,1.945764727
hspb1,UP,1.946313383
bin1,UP,1.967276144
stambpl1,UP,1.983996682
tspan14,UP,1.993885522
ly86,UP,1.999323257
gpbp1l1,UP,2.006292326
dnajb4,UP,2.006413441
rgs2,UP,2.038477885
slc25a37,UP,2.042161582
dusp1,UP,2.046579378
tbpl1,UP,2.057308449
rps6ka1,UP,2.076404614
rgs19,UP,2.087483467
ube2j1,UP,2.099256197
cebpa,UP,2.114497904
rcbtb2,UP,2.144509791
tm6sf1,UP,2.151494948
fos,UP,2.156790999
mylip,UP,2.164579588
tsc22d3,UP,2.166132635
ywhah,UP,2.171026402
nupr1,UP,2.178243716
cd84,UP,2.192964744
evi2a,UP,2.194942902
gna15,UP,2.205105412
sgce,UP,2.205404437
p4ha1,UP,2.220895805
plk3,UP,2.229342594
nptn,UP,2.258702811
sla,UP,2.262974688
capza2,UP,2.263360953
b2m,UP,2.281156644
crlf3,UP,2.295432007
slc2a5,UP,2.300935007
mlxipl,UP,2.320251925
rhob,UP,2.339282458
il10rb,UP,2.363138143
itgb5,UP,2.363385596
lpxn,UP,2.364600944
zfp36,UP,2.381948873
fez2,UP,2.42755755
herpud1,UP,2.432897363
ifnar2,UP,2.434908584
rnf130,UP,2.468203796
cst3,UP,2.475245892
alox5ap,UP,2.486640727
btg2,UP,2.505275587
st3gal6,UP,2.508264715
lactb2,UP,2.513152107
ppt1,UP,2.524974323
asah1,UP,2.557194479
creg1,UP,2.628151059
snx5,UP,2.646777779
cd74,UP,2.657959929
capn3,UP,2.676095455
lair1,UP,2.678192187
hexb,UP,2.846521841
rnf13,UP,2.878249217
rgs10,UP,2.891405096
ifngr1,UP,3.130251252
serinc3,UP,3.215827586
dusp6,UP,3.273919666
ier5,UP,3.274629441
tmem63a,UP,3.441639545
mag,UP,4.58296557
